Driver,Profile
ALB,Adaptable Performer
ALO,Adaptable Performer
BOT,Adaptable Performer
DEV,Context-Agnostic Controller
GAS,Adaptable Performer
HAM,Context-Agnostic Controller
HUL,Adaptable Performer
LAW,Adaptable Performer
LEC,Adaptable Performer
MAG,Adaptable Performer
NOR,Adaptable Performer
OCO,Adaptable Performer
PER,Degradation Manager
PIA,Adaptable Performer
RIC,Context-Agnostic Controller
RUS,Adaptable Performer
SAI,Adaptable Performer
SAR,Adaptable Performer
STR,Adaptable Performer
TSU,Context-Agnostic Controller
VER,Degradation Manager
ZHO,Context-Agnostic Controller
